Chr,Start,End,Ref,Alt,Func.refGene,Gene.refGene,GeneDetail.refGene,ExonicFunc.refGene,AAChange.refGene,1000G_ALL,1000G_AFR,1000G_AMR,1000G_EAS,1000G_EUR,1000G_SAS,ExAC_Freq,ExAC_AFR,ExAC_AMR,ExAC_EAS,ExAC_FIN,ExAC_NFE,ExAC_OTH,ExAC_SAS,ESP6500si_ALL,ESP6500si_AA,ESP6500si_EA,CG46,NCI60,dbSNP,COSMIC_ID,COSMIC_DIS,ClinVar_SIG,ClinVar_DIS,ClinVar_ID,ClinVar_DB,ClinVar_DBID,GWAS_DIS,GWAS_OR,GWAS_BETA,GWAS_PUBMED,GWAS_SNP,GWAS_P,SIFT_score,SIFT_converted_rankscore,SIFT_pred,Polyphen2_HDIV_score,Polyphen2_HDIV_rankscore,Polyphen2_HDIV_pred,Polyphen2_HVAR_score,Polyphen2_HVAR_rankscore,Polyphen2_HVAR_pred,LRT_score,LRT_converted_rankscore,LRT_pred,MutationTaster_score,MutationTaster_converted_rankscore,MutationTaster_pred,MutationAssessor_score,MutationAssessor_score_rankscore,MutationAssessor_pred,FATHMM_score,FATHMM_converted_rankscore,FATHMM_pred,PROVEAN_score,PROVEAN_converted_rankscore,PROVEAN_pred,VEST3_score,VEST3_rankscore,MetaSVM_score,MetaSVM_rankscore,MetaSVM_pred,MetaLR_score,MetaLR_rankscore,MetaLR_pred,M-CAP_score,M-CAP_rankscore,M-CAP_pred,CADD_raw,CADD_raw_rankscore,CADD_phred,DANN_score,DANN_rankscore,fathmm-MKL_coding_score,fathmm-MKL_coding_rankscore,fathmm-MKL_coding_pred,Eigen_coding_or_noncoding,Eigen-raw,Eigen-PC-raw,GenoCanyon_score,GenoCanyon_score_rankscore,integrated_fitCons_score,integrated_fitCons_score_rankscore,integrated_confidence_value,GERP++_RS,GERP++_RS_rankscore,phyloP100way_vertebrate,phyloP100way_vertebrate_rankscore,phyloP20way_mammalian,phyloP20way_mammalian_rankscore,phastCons100way_vertebrate,phastCons100way_vertebrate_rankscore,phastCons20way_mammalian,phastCons20way_mammalian_rankscore,SiPhy_29way_logOdds,SiPhy_29way_logOdds_rankscore,Interpro_domain,GTEx_V6_gene,GTEx_V6_tissue,gnomAD_exome_ALL,gnomAD_exome_AFR,gnomAD_exome_AMR,gnomAD_exome_ASJ,gnomAD_exome_EAS,gnomAD_exome_FIN,gnomAD_exome_NFE,gnomAD_exome_OTH,gnomAD_exome_SAS,gnomAD_genome_ALL,gnomAD_genome_AFR,gnomAD_genome_AMR,gnomAD_genome_ASJ,gnomAD_genome_EAS,gnomAD_genome_FIN,gnomAD_genome_NFE,gnomAD_genome_OTH,Otherinfo,Otherinfo,Otherinfo,Otherinfo,Otherinfo,Otherinfo,Otherinfo,Otherinfo,Otherinfo,Otherinfo,Otherinfo,Otherinfo,Otherinfo
chr10,62813491,62813493,CAC,TAT,exonic,EGR2,,nonframeshift substitution,"EGR2:NM_000399:exon2:c.1145_1147ATA:p.S382_D383delinsNN,EGR2:NM_001136177:exon3:c.1145_1147ATA:p.S382_D383delinsNN,EGR2:NM_001136179:exon3:c.995_997ATA:p.S332_D333delinsNN,EGR2:NM_001321037:exon3:c.995_997ATA:p.S332_D333delinsNN,EGR2:NM_001136178:exon4:c.1145_1147ATA:p.S382_D383delinsNN",,,,,,,,,,,,,,,,,,,,,,,,,,,,,,,,,,,,,,,,,,,,,,,,,,,,,,,,,,,,,,,,,,,,,,,,,,,,,,,,,,,,,,,,,,,,,,,,,,,,,,,,,,,,,,,,,,,,,hom,25.3978,2,chr10,62813491,.,CAC,TAT,25.3978,.,AB=0;ABP=0;AC=2;AF=1;AN=2;AO=2;CIGAR=1X1M1X;DP=2;DPB=2;DPRA=0;EPP=7.35324;EPPR=0;GTI=0;LEN=3;MEANALT=1;MQM=23;MQMR=0;NS=1;NUMALT=1;ODDS=5.84455;PAIRED=0;PAIREDR=0;PAO=0;PQA=0;PQR=0;PRO=0;QA=76;QR=0;RO=0;RPL=2;RPP=7.35324;RPPR=0;RPR=0;RUN=1;SAF=2;SAP=7.35324;SAR=0;SRF=0;SRP=0;SRR=0;TYPE=complex,GT:DP:AD:RO:QR:AO:QA:GL,"1/1:2:0,2:0:0:2:76:-4.34444,-0.60206,0"
chr11,1099601,1099601,G,A,exonic,MUC2,,unknown,UNKNOWN,.,.,.,.,.,.,.,.,.,.,.,.,.,.,.,.,.,.,.,.,.,.,.,.,.,.,.,.,.,.,.,.,.,.,.,.,.,.,.,.,.,.,.,.,.,.,.,.,.,.,.,.,.,.,.,.,.,.,.,.,.,.,.,.,.,.,.,.,.,.,.,.,.,.,.,.,.,.,.,.,.,.,.,.,.,.,.,.,.,.,.,.,.,.,.,.,.,.,.,0,0,0,0,0,0,0,0,0,.,.,.,.,.,.,.,.,hom,0.103906,2,chr11,1099601,.,G,A,0.103906,.,AB=0;ABP=0;AC=2;AF=1;AN=2;AO=2;CIGAR=1X;DP=2;DPB=2;DPRA=0;EPP=7.35324;EPPR=0;GTI=0;LEN=1;MEANALT=1;MQM=1;MQMR=0;NS=1;NUMALT=1;ODDS=3.72146;PAIRED=0;PAIREDR=0;PAO=0;PQA=0;PQR=0;PRO=0;QA=78;QR=0;RO=0;RPL=0;RPP=7.35324;RPPR=0;RPR=2;RUN=1;SAF=0;SAP=7.35324;SAR=2;SRF=0;SRP=0;SRR=0;TYPE=snp,GT:DP:AD:RO:QR:AO:QA:GL,"1/1:2:0,2:0:0:2:78:-0.189972,-0.60206,0"
chr11,64317087,64317087,G,A,exonic,TRMT112,,synonymous SNV,"TRMT112:NM_001286082:exon3:c.C226T:p.L76L,TRMT112:NM_001286084:exon3:c.C241T:p.L81L,TRMT112:NM_016404:exon3:c.C241T:p.L81L",,,,,,,,,,,,,,,,,,,,,,,,,,,,,,,,,,,,,,,,,,,,,,,,,,,,,,,,,,,,,,,,,,,,,,,,,,,,,,,,,,,,,,,,,,,,,,,,,,,,,,,,,,,,,,,,,,,,,hom,23.6396,2,chr11,64317087,.,G,A,23.6396,.,AB=0;ABP=0;AC=2;AF=1;AN=2;AO=2;CIGAR=1X;DP=2;DPB=2;DPRA=0;EPP=7.35324;EPPR=0;GTI=0;LEN=1;MEANALT=1;MQM=24;MQMR=0;NS=1;NUMALT=1;ODDS=5.43826;PAIRED=0;PAIREDR=0;PAO=0;PQA=0;PQR=0;PRO=0;QA=78;QR=0;RO=0;RPL=0;RPP=7.35324;RPPR=0;RPR=2;RUN=1;SAF=0;SAP=7.35324;SAR=2;SRF=0;SRP=0;SRR=0;TYPE=snp,GT:DP:AD:RO:QR:AO:QA:GL,"1/1:2:0,2:0:0:2:78:-4.16799,-0.60206,0"
chr11,64765966,64765967,CC,TT,exonic,SF1,,stopgain,"SF1:NM_001178031:exon13:c.1693_1694AA:p.G565N,SF1:NM_001346363:exon13:c.1766_1767AA:p.W589_F608del,SF1:NM_004630:exon13:c.1771_1772AA:p.G591N,SF1:NM_201995:exon13:c.1771_1772AA:p.G591N",,,,,,,,,,,,,,,,,,,,,,,,,,,,,,,,,,,,,,,,,,,,,,,,,,,,,,,,,,,,,,,,,,,,,,,,,,,,,,,,,,,,,,,,,,,,,,,,,,,,,,,,,,,,,,,,,,,,,hom,11.5984,2,chr11,64765966,.,CC,TT,11.5984,.,AB=0;ABP=0;AC=2;AF=1;AN=2;AO=2;CIGAR=2X;DP=2;DPB=2;DPRA=0;EPP=7.35324;EPPR=0;GTI=0;LEN=2;MEANALT=1;MQM=15.5;MQMR=0;NS=1;NUMALT=1;ODDS=2.59827;PAIRED=0;PAIREDR=0;PAO=0;PQA=0;PQR=0;PRO=0;QA=79;QR=0;RO=0;RPL=0;RPP=7.35324;RPPR=0;RPR=2;RUN=1;SAF=2;SAP=7.35324;SAR=0;SRF=0;SRP=0;SRR=0;TYPE=complex,GT:DP:AD:RO:QR:AO:QA:GL,"1/1:2:0,2:0:0:2:79:-2.9346,-0.60206,0"
chr12,95217868,95217868,C,T,exonic,VEZT,,synonymous SNV,VEZT:NM_017599:exon1:c.C18T:p.D6D,,,,,,,,,,,,,,,,,,,,,,,,,,,,,,,,,,,,,,,,,,,,,,,,,,,,,,,,,,,,,,,,,,,,,,,,,,,,,,,,,,,,,,,,,,,,,,,,,,,,,,,,,,,,,,,,,,,,,hom,24.6939,2,chr12,95217868,.,C,T,24.6939,.,AB=0;ABP=0;AC=2;AF=1;AN=2;AO=2;CIGAR=1X;DP=2;DPB=2;DPRA=0;EPP=7.35324;EPPR=0;GTI=0;LEN=1;MEANALT=1;MQM=24;MQMR=0;NS=1;NUMALT=1;ODDS=5.68196;PAIRED=0;PAIREDR=0;PAO=0;PQA=0;PQR=0;PRO=0;QA=80;QR=0;RO=0;RPL=0;RPP=7.35324;RPPR=0;RPR=2;RUN=1;SAF=2;SAP=7.35324;SAR=0;SRF=0;SRP=0;SRR=0;TYPE=snp,GT:DP:AD:RO:QR:AO:QA:GL,"1/1:2:0,2:0:0:2:80:-4.27382,-0.60206,0"
chr15,29766411,29766411,G,A,exonic,TJP1,,synonymous SNV,"TJP1:NM_001330239:exon5:c.C444T:p.N148N,TJP1:NM_003257:exon5:c.C444T:p.N148N,TJP1:NM_175610:exon5:c.C444T:p.N148N,TJP1:NM_001301025:exon6:c.C645T:p.N215N,TJP1:NM_001301026:exon6:c.C456T:p.N152N",.,.,.,.,.,.,.,.,.,.,.,.,.,.,.,.,.,.,.,.,.,.,.,.,.,.,.,.,.,.,.,.,.,.,.,.,.,.,.,.,.,.,.,.,.,.,.,.,.,.,.,.,.,.,.,.,.,.,.,.,.,.,.,.,.,.,.,.,.,.,.,.,.,.,.,.,.,.,.,.,.,.,.,.,.,.,.,.,.,.,.,.,.,.,.,.,.,.,.,4.06E-06,0,0,0,0,0,8.96E-06,0,0,.,.,.,.,.,.,.,.,hom,0.103906,2,chr15,29766411,.,G,A,0.103906,.,AB=0;ABP=0;AC=2;AF=1;AN=2;AO=2;CIGAR=1X;DP=2;DPB=2;DPRA=0;EPP=7.35324;EPPR=0;GTI=0;LEN=1;MEANALT=1;MQM=1;MQMR=0;NS=1;NUMALT=1;ODDS=3.72146;PAIRED=0;PAIREDR=0;PAO=0;PQA=0;PQR=0;PRO=0;QA=78;QR=0;RO=0;RPL=2;RPP=7.35324;RPPR=0;RPR=0;RUN=1;SAF=0;SAP=7.35324;SAR=2;SRF=0;SRP=0;SRR=0;TYPE=snp,GT:DP:AD:RO:QR:AO:QA:GL,"1/1:2:0,2:0:0:2:78:-0.189972,-0.60206,0"
chr16,66935455,66935455,G,A,exonic,CES2,,synonymous SNV,"CES2:NM_003869:exon1:c.G12A:p.Q4Q,CES2:NM_198061:exon1:c.G12A:p.Q4Q",,,,,,,,,,,,,,,,,,,,,,,,,,,,,,,,,,,,,,,,,,,,,,,,,,,,,,,,,,,,,,,,,,,,,,,,,,,,,,,,,,,,,,,,,,,,,,,,,,,,,,,,,,,,,,,,,,,,,hom,1.78192,2,chr16,66935455,.,G,A,1.78192,.,AB=0;ABP=0;AC=2;AF=1;AN=2;AO=2;CIGAR=1X;DP=2;DPB=2;DPRA=0;EPP=7.35324;EPPR=0;GTI=0;LEN=1;MEANALT=1;MQM=8;MQMR=0;NS=1;NUMALT=1;ODDS=0.67933;PAIRED=0;PAIREDR=0;PAO=0;PQA=0;PQR=0;PRO=0;QA=64;QR=0;RO=0;RPL=0;RPP=7.35324;RPPR=0;RPR=2;RUN=1;SAF=0;SAP=7.35324;SAR=2;SRF=0;SRP=0;SRR=0;TYPE=snp,GT:DP:AD:RO:QR:AO:QA:GL,"1/1:2:0,2:0:0:2:64:-1.51115,-0.60206,0"
chr16,72796453,72796453,C,T,exonic,ZFHX3,,nonsynonymous SNV,"ZFHX3:NM_001164766:exon8:c.G3487A:p.A1163T,ZFHX3:NM_006885:exon9:c.G6229A:p.A2077T",.,.,.,.,.,.,1.66E-05,0,0,0,0,0,0,0.0001,.,.,.,.,.,rs767559419,.,.,.,.,.,.,.,.,.,.,.,.,.,0.157,0.24,T,0.01,0.144,B,0.009,0.133,B,0,0.463,D,0.98,0.396,D,0.55,0.145,N,-0.78,0.736,T,-0.51,0.16,N,0.391,0.484,-0.842,0.526,T,0.191,0.544,T,0.011,0.29,T,0.82,0.172,9.588,0.739,0.102,0.929,0.565,D,c,-0.438,-0.315,0.646,0.221,0.651,0.465,0,4.44,0.53,1.523,0.353,0.852,0.362,0.887,0.309,0.208,0.219,9.415,0.375,.,.,.,2.47E-05,0,0,0,0,0,0,0,0.0002,.,.,.,.,.,.,.,.,hom,25.4444,2,chr16,72796453,.,C,T,25.4444,.,AB=0;ABP=0;AC=2;AF=1;AN=2;AO=2;CIGAR=1X;DP=2;DPB=2;DPRA=0;EPP=7.35324;EPPR=0;GTI=0;LEN=1;MEANALT=1;MQM=23;MQMR=0;NS=1;NUMALT=1;ODDS=5.85531;PAIRED=0;PAIREDR=0;PAO=0;PQA=0;PQR=0;PRO=0;QA=78;QR=0;RO=0;RPL=0;RPP=7.35324;RPPR=0;RPR=2;RUN=1;SAF=2;SAP=7.35324;SAR=0;SRF=0;SRP=0;SRR=0;TYPE=snp,GT:DP:AD:RO:QR:AO:QA:GL,"1/1:2:0,2:0:0:2:78:-4.34911,-0.60206,0"
chr16,72796480,72796480,C,T,exonic,ZFHX3,,nonsynonymous SNV,"ZFHX3:NM_001164766:exon8:c.G3460A:p.A1154T,ZFHX3:NM_006885:exon9:c.G6202A:p.A2068T",.,.,.,.,.,.,.,.,.,.,.,.,.,.,.,.,.,.,.,.,.,.,.,.,.,.,.,.,.,.,.,.,.,0.293,0.148,T,0.056,0.214,B,0.008,0.127,B,0,0.463,D,1,0.81,D,1.245,0.315,L,-0.83,0.742,T,-0.68,0.221,N,0.284,0.369,-0.85,0.52,T,0.204,0.563,T,0.013,0.321,T,1.133,0.203,11.39,0.715,0.093,0.955,0.645,D,c,-0.464,-0.319,1,0.747,0.563,0.31,0,5.4,0.779,2.603,0.457,0.852,0.362,0.979,0.349,0.311,0.239,19.184,0.936,.,.,.,.,.,.,.,.,.,.,.,.,.,.,.,.,.,.,.,.,hom,25.1518,2,chr16,72796480,.,C,T,25.1518,.,AB=0;ABP=0;AC=2;AF=1;AN=2;AO=2;CIGAR=1X;DP=2;DPB=2;DPRA=0;EPP=7.35324;EPPR=0;GTI=0;LEN=1;MEANALT=1;MQM=23;MQMR=0;NS=1;NUMALT=1;ODDS=5.78773;PAIRED=0;PAIREDR=0;PAO=0;PQA=0;PQR=0;PRO=0;QA=70;QR=0;RO=0;RPL=2;RPP=7.35324;RPPR=0;RPR=0;RUN=1;SAF=2;SAP=7.35324;SAR=0;SRF=0;SRP=0;SRR=0;TYPE=snp,GT:DP:AD:RO:QR:AO:QA:GL,"1/1:2:0,2:0:0:2:70:-4.31976,-0.60206,0"
chr17,50517594,50517595,GG,AA,exonic;splicing,MYCBPAP;MYCBPAP,,nonsynonymous SNV,MYCBPAP:NM_032133:exon4:c.G494A:p.G165D,,,,,,,,,,,,,,,,,,,,,,,,,,,,,,,,,,,,,,,,,,,,,,,,,,,,,,,,,,,,,,,,,,,,,,,,,,,,,,,,,,,,,,,,,,,,,,,,,,,,,,,,,,,,,,,,,,,,,hom,11.5742,2,chr17,50517594,.,GG,AA,11.5742,.,AB=0;ABP=0;AC=2;AF=1;AN=2;AO=2;CIGAR=2X;DP=2;DPB=2;DPRA=0;EPP=7.35324;EPPR=0;GTI=0;LEN=2;MEANALT=1;MQM=15.5;MQMR=0;NS=1;NUMALT=1;ODDS=2.5923;PAIRED=0;PAIREDR=0;PAO=0;PQA=0;PQR=0;PRO=0;QA=78;QR=0;RO=0;RPL=2;RPP=7.35324;RPPR=0;RPR=0;RUN=1;SAF=0;SAP=7.35324;SAR=2;SRF=0;SRP=0;SRR=0;TYPE=complex,GT:DP:AD:RO:QR:AO:QA:GL,"1/1:2:0,2:0:0:2:78:-2.932,-0.60206,0"
chr19,2717683,2717684,CC,TT,exonic,DIRAS1,,nonframeshift substitution,DIRAS1:NM_145173:exon2:c.123_124AA:p.D42N,,,,,,,,,,,,,,,,,,,,,,,,,,,,,,,,,,,,,,,,,,,,,,,,,,,,,,,,,,,,,,,,,,,,,,,,,,,,,,,,,,,,,,,,,,,,,,,,,,,,,,,,,,,,,,,,,,,,,hom,1.81041,2,chr19,2717683,.,CC,TT,1.81041,.,AB=0;ABP=0;AC=2;AF=1;AN=2;AO=2;CIGAR=2X;DP=2;DPB=2;DPRA=0;EPP=7.35324;EPPR=0;GTI=0;LEN=2;MEANALT=1;MQM=8;MQMR=0;NS=1;NUMALT=1;ODDS=0.659962;PAIRED=0;PAIREDR=0;PAO=0;PQA=0;PQR=0;PRO=0;QA=80;QR=0;RO=0;RPL=0;RPP=7.35324;RPPR=0;RPR=2;RUN=1;SAF=2;SAP=7.35324;SAR=0;SRF=0;SRP=0;SRR=0;TYPE=complex,GT:DP:AD:RO:QR:AO:QA:GL,"1/1:2:0,2:0:0:2:80:-1.51956,-0.60206,0"
chr6,158502501,158502501,G,A,exonic,TULP4,,synonymous SNV,TULP4:NM_020245:exon13:c.G2838A:p.L946L,,,,,,,,,,,,,,,,,,,,,,,,,,,,,,,,,,,,,,,,,,,,,,,,,,,,,,,,,,,,,,,,,,,,,,,,,,,,,,,,,,,,,,,,,,,,,,,,,,,,,,,,,,,,,,,,,,,,,hom,52.2218,2,chr6,158502501,.,G,A,52.2218,.,AB=0;ABP=0;AC=2;AF=1;AN=2;AO=2;CIGAR=1X;DP=2;DPB=2;DPRA=0;EPP=7.35324;EPPR=0;GTI=0;LEN=1;MEANALT=1;MQM=40;MQMR=0;NS=1;NUMALT=1;ODDS=7.37776;PAIRED=0;PAIREDR=0;PAO=0;PQA=0;PQR=0;PRO=0;QA=80;QR=0;RO=0;RPL=0;RPP=7.35324;RPPR=0;RPR=2;RUN=1;SAF=0;SAP=7.35324;SAR=2;SRF=0;SRP=0;SRR=0;TYPE=snp,GT:DP:AD:RO:QR:AO:QA:GL,"1/1:2:0,2:0:0:2:80:-7.02808,-0.60206,0"
chr7,100488717,100488717,G,A,exonic,NYAP1,,synonymous SNV,NYAP1:NM_173564:exon4:c.G996A:p.Q332Q,,,,,,,,,,,,,,,,,,,,,,,,,,,,,,,,,,,,,,,,,,,,,,,,,,,,,,,,,,,,,,,,,,,,,,,,,,,,,,,,,,,,,,,,,,,,,,,,,,,,,,,,,,,,,,,,,,,,,hom,38.8041,2,chr7,100488717,.,G,A,38.8041,.,AB=0;ABP=0;AC=2;AF=1;AN=2;AO=2;CIGAR=1X;DP=2;DPB=2;DPRA=0;EPP=7.35324;EPPR=0;GTI=0;LEN=1;MEANALT=1;MQM=31.5;MQMR=0;NS=1;NUMALT=1;ODDS=7.37776;PAIRED=0;PAIREDR=0;PAO=0;PQA=0;PQR=0;PRO=0;QA=78;QR=0;RO=0;RPL=2;RPP=7.35324;RPPR=0;RPR=0;RUN=1;SAF=0;SAP=7.35324;SAR=2;SRF=0;SRP=0;SRR=0;TYPE=snp,GT:DP:AD:RO:QR:AO:QA:GL,"1/1:2:0,2:0:0:2:78:-5.68626,-0.60206,0"
chr8,21909724,21909724,C,T,exonic,DOK2,,nonsynonymous SNV,"DOK2:NM_001317800:exon3:c.G364A:p.D122N,DOK2:NM_201349:exon4:c.G364A:p.D122N,DOK2:NM_003974:exon5:c.G826A:p.D276N",.,.,.,.,.,.,.,.,.,.,.,.,.,.,.,.,.,.,.,.,.,.,.,.,.,.,.,.,.,.,.,.,.,0.002,0.721,D,0.994,0.647,D,0.795,0.561,P,0,0.473,D,0.712,0.335,D,2.985,0.859,M,1.93,0.445,T,-1.34,0.334,N,0.048,0.052,-0.642,0.631,T,0.209,0.569,T,0.095,0.764,D,5.309,0.718,25.8,0.997,0.826,0.796,0.392,D,c,0.358,0.296,1,0.747,0.719,0.83,0,5.42,0.786,0.348,0.196,0.935,0.49,0.001,0.137,0.856,0.357,16.707,0.852,.,.,.,.,.,.,.,.,.,.,.,.,.,.,.,.,.,.,.,.,hom,26.3128,2,chr8,21909724,.,C,T,26.3128,.,AB=0;ABP=0;AC=2;AF=1;AN=2;AO=2;CIGAR=1X;DP=2;DPB=2;DPRA=0;EPP=7.35324;EPPR=0;GTI=0;LEN=1;MEANALT=1;MQM=23.5;MQMR=0;NS=1;NUMALT=1;ODDS=6.05579;PAIRED=0;PAIREDR=0;PAO=0;PQA=0;PQR=0;PRO=0;QA=76;QR=0;RO=0;RPL=2;RPP=7.35324;RPPR=0;RPR=0;RUN=1;SAF=2;SAP=7.35324;SAR=0;SRF=0;SRP=0;SRR=0;TYPE=snp,GT:DP:AD:RO:QR:AO:QA:GL,"1/1:2:0,2:0:0:2:76:-4.43617,-0.60206,0"
